id,type,title,url,citation_zh,citation_en
atlantis-ai-siqi-popular-philosophy-2017,conference-paper,On Ai Siqi's Popular Philosophy,https://www.atlantis-press.com/proceedings/icsshe-17/25884355,《论艾思奇〈大众哲学〉》，ICSSHE 2017会议论文；使用出版社摘要，正式研究仍应回到《大众哲学》版本。,"‘On Ai Siqi's Popular Philosophy,’ ICSSHE 2017 proceedings; publisher abstract used pending collation with an edition of Popular Philosophy."
bai-tongdong-against-equality-2019,author-academic-book,"Tongdong Bai, Against Political Equality: The Confucian Case",https://academic.oup.com/princeton-scholarship-online/book/37155,白彤东：《Against Political Equality: The Confucian Case》，Princeton：Princeton University Press，2019年，尤其第3章。,"Tongdong Bai, Against Political Equality: The Confucian Case (Princeton University Press, 2019), esp. chap. 3."
cbdb,research-database,China Biographical Database,https://cbdb.hsites.harvard.edu/,中国历代人物传记资料库；用于7—19世纪人物发现、异名、生卒与社会关系的交叉核查，不单独作为哲学观点证据。,China Biographical Database; used to discover and cross-check people aliases dates and social relations mainly for the seventh through nineteenth centuries not as sole evidence for philosophical positions.
cbdb-api,research-tool,China Biographical Database API,https://cbdb.hsites.harvard.edu/cbdb-api,中国历代人物传记资料库官方API；用于固定人物ID、异名与年代核查，不作为观点证据。,Official China Biographical Database API; used for stable person identifiers aliases and dates but not as claim evidence.
cbeta-api,research-tool,CBETA Online API,https://api.cbetaonline.cn/,CBETA官方在线API；用于佛典检索与定位，API结果不得未经核对直接生成观点。,Official CBETA Online API; used for Buddhist text discovery and locators and never promoted directly to claims without review.
cbeta-corpus,digital-text-corpus,CBETA Chinese Electronic Tripitaka Collection,https://cbeta.org/,CBETA电子佛典集成；用于中国佛教思想原典发现，正式证据须记录藏经号、经号、卷及页栏行。,CBETA Chinese Electronic Tripitaka Collection; used to discover Buddhist primary texts with canonical number volume page column and line locators required for evidence.
chan-sourcebook,scholarly-book,A Source Book in Chinese Philosophy,https://search.worldcat.org/title/1132410,陈荣捷编译《中国哲学文献选编》。,Wing-tsit Chan trans. and comp. A Source Book in Chinese Philosophy.
chen-lai-core-values-2015,author-book-reported-by-home-institution,陈来《中华文明的核心价值》,https://www.tsinghua.edu.cn/info/1182/41204.htm,陈来：《中华文明的核心价值：国学流变与传统价值观》，北京：生活·读书·新知三联书店，2015年；清华大学校级机构页转引书中命题。,"Chen Lai, The Core Values of Chinese Civilization (Beijing: SDX Joint Publishing, 2015); thesis quoted on Tsinghua University’s institutional publication page."
chen-liang-jingshu-fati,primary-text,陈亮《经书发题》,https://ctext.org/searchbooks.pl?if=gb&searchu=%E7%B6%93%E6%9B%B8%E7%99%BC%E9%A1%8C,〔宋〕陈亮：《经书发题》，《龙川文集》卷九；邓广铭点校《陈亮集》，北京：中华书局，1987年。,"Chen Liang, Jingshu fati, Longchuan wenji, juan 9; Deng Guangming, ed., Chen Liang ji (Beijing: Zhonghua, 1987)."
chen-xianzhang-mingshi,early-biographical-attestation,《明史·陈献章传》所录教学语,https://ctext.org/searchbooks.pl?if=gb&searchu=%E6%98%8E%E5%8F%B2%E9%99%B3%E7%8D%BB%E7%AB%A0,〔清〕张廷玉等：《明史》卷二百八十三〈陈献章传〉，记陈献章教学语。,"Zhang Tingyu et al., Ming shi, juan 283, biography of Chen Xianzhang, recording his teaching."
cheng-hao-shiren,primary-text-in-early-compilation,程颢〈识仁篇〉（《河南程氏遗书》卷二上）,https://ctext.org/wiki.pl?chapter=473691&if=gb,〔宋〕程颢口述，门人记录：〈识仁篇〉，《河南程氏遗书》卷二上；参《性理大全书》卷四所录，中国哲学书电子化计划电子本。,"Cheng Hao, 'Shiren pian' (Discerning Ren), disciple record in Henan Chengshi yishu, juan 2A; parallel text in Xingli daquan shu, juan 4, Chinese Text Project."
cheng-onto-hermeneutics-2000,author-peer-reviewed-article,"Chung-ying Cheng, “Confucian Onto-Hermeneutics: Morality and Ontology”",https://onlinelibrary.wiley.com/doi/pdf/10.1111/0301-8121.00003,成中英：〈Confucian Onto-Hermeneutics: Morality and Ontology〉，《Journal of Chinese Philosophy》27卷1期（2000），33—68页，DOI: 10.1111/0301-8121.00003。,"Chung-ying Cheng, “Confucian Onto-Hermeneutics: Morality and Ontology,” Journal of Chinese Philosophy 27.1 (2000): 33–68, https://doi.org/10.1111/0301-8121.00003."
cheng-yi-yishu-18,primary-text-in-early-compilation,程颐《河南程氏遗书》卷十八,https://ctext.org/wiki.pl?chapter=774488&if=gb,〔宋〕程颐口述，门人记录：《河南程氏遗书》卷十八，收入王孝鱼点校《二程集》，北京：中华书局，1981年。,"Cheng Yi, disciple record in Henan Chengshi yishu, juan 18; in Wang Xiaoyu, ed., Er Cheng ji (Beijing: Zhonghua Book Company, 1981)."
cheng-yi-yishu-xingli,disciple-record,《河南程氏遗书》卷二十二上,https://ctext.org/searchbooks.pl?if=gb&searchu=性即理也,〔宋〕程颐语，门人记录：《河南程氏遗书》卷二十二上。,"Sayings of Cheng Yi recorded by disciples, Henan Chengshi yishu, juan 22A."
ctext-analects,primary-text,The Analects,https://ctext.org/analects,中国哲学书电子化计划《论语》原典。,Chinese Text Project digital text of the Analects.
ctext-api,research-tool,Chinese Text Project API,https://ctext.org/tools/api,中国哲学书电子化计划官方API；仅用于文本发现，结果须与底本人工核对。,Official Chinese Text Project API; used for text discovery only and requiring manual comparison with an edition.
ctext-corpus,digital-text-corpus,Chinese Text Project,https://ctext.org/,中国哲学书电子化计划；用于先秦至前现代原典发现与稳定文本定位，具体观点仍须记录篇章定位并复核版本。,Chinese Text Project; used for discovery and stable locators in premodern texts while each position still requires a section locator and edition review.
ctext-laozi,primary-text,Dao De Jing,https://ctext.org/dao-de-jing,中国哲学书电子化计划《道德经》原典。,Chinese Text Project digital text of the Dao De Jing.
ctext-mengzi,primary-text,Mengzi,https://ctext.org/mengzi,中国哲学书电子化计划《孟子》原典。,Chinese Text Project digital text of the Mengzi.
ctext-mozi,primary-text,Mozi,https://ctext.org/mozi,中国哲学书电子化计划《墨子》原典。,Chinese Text Project digital text of the Mozi.
ctext-xunzi,primary-text,Xunzi,https://ctext.org/xunzi,中国哲学书电子化计划《荀子》原典。,Chinese Text Project digital text of the Xunzi.
ctext-zhuangzi,primary-text,Zhuangzi,https://ctext.org/zhuangzi,中国哲学书电子化计划《庄子》原典。,Chinese Text Project digital text of the Zhuangzi.
dai-zhen-mengzi-ziyi-li,primary-text,戴震《孟子字义疏证》卷上·理,https://sangle.web.wesleyan.edu/etext/song-qing/dai.html,〔清〕戴震：《孟子字义疏证》卷上〈理〉，中华书局1982年标点本；Wesleyan University 中国哲学电子文本计划电子本。,"Dai Zhen, Mengzi ziyi shuzheng, first juan, 'Li,' punctuated Zhonghua Book Company edition (1982); Wesleyan University Chinese Philosophical Etext Archive."
dai-zhen-mengzi-ziyi-yu,primary-text,戴震《孟子字义疏证·理》,https://sangle.web.wesleyan.edu/etext/song-qing/dai.html,〔清〕戴震：《孟子字义疏证》卷上〈理〉。,"Dai Zhen, Mengzi ziyi shuzheng, first juan, 'Li.'"
ecnu-fengqi-wisdom-2005,peer-reviewed-journal-abstract,From General Epistemology to the Doctrine of Wisdom: The Essential Spirit of Feng Qi's Philosophy,https://xbzs.ecnu.edu.cn/EN/abstract/article/1000-5579/8642,陈小龙：《从广义认识论到智慧说——兼论冯契哲学的基本精神》，《华东师范大学学报（哲学社会科学版）》37卷2期，2005，第9—14页，DOI:10.16382/j.cnki.1000-5579.2005.02.003。,"Chen Xiaolong, ‘From General Epistemology to the Doctrine of Wisdom,’ Journal of East China Normal University (Philosophy and Social Sciences) 37.2 (2005): 9–14."
ecnu-yang-guorong,institutional-profile,杨国荣,https://www.philo.ecnu.edu.cn/aa/dc/c37148a436956/page.htm,华东师范大学哲学系杨国荣教授主页。,East China Normal University profile of Yang Guorong.
fung-history,scholarly-book,A History of Chinese Philosophy,https://search.worldcat.org/title/237532,冯友兰《中国哲学史》英译本。,Fung Yu-lan A History of Chinese Philosophy.
gu-yanwu-yu-qiushu,primary-letter,顾炎武《与友人论学书》,https://ctext.org/searchbooks.pl?if=gb&searchu=古之所謂理學經學也,〔清〕顾炎武：〈与友人论学书〉，《亭林文集》卷三。,"Gu Yanwu, 'Letter to a Friend on Learning,' Tinglin wenji, juan 3."
gu-yanwu-zhengshi,primary-text,顾炎武《日知录·正始》,https://zh.wikisource.org/zh-hant/%E6%97%A5%E7%9F%A5%E9%8C%84/%E5%8D%B7%E5%8D%81%E4%B8%89,〔清〕顾炎武：《日知录》卷十三〈正始〉，黄汝成集释，上海：上海古籍出版社，2006年。,"Gu Yanwu, Rizhilu, juan 13, 'Zhengshi,' annotated by Huang Rucheng (Shanghai Guji, 2006)."
hop-method,project-method,History of Philosophy: project method,https://www.denizcemonduygu.com/philo/,原项目公开方法说明：以有出处的命题摘要而非名言堆砌为节点。,Public methodology of the reference project: sourced summaries of positions rather than collections of quotations.
hu-hong-zhiyan,primary-text,胡宏《知言》,https://ctext.org/searchbooks.pl?if=gb&searchu=%E7%9F%A5%E8%A8%80,〔宋〕胡宏：《知言》卷四，收入吴仁华点校《胡宏集》，北京：中华书局，1987年。,"Hu Hong, Zhiyan, juan 4, in Wu Renhua, ed., Hu Hong ji (Beijing: Zhonghua, 1987)."
huang-yong-egoism-altruism-2018,author-peer-reviewed-article,"Huang Yong, “Confucian Ethics: Altruistic? Egoistic? Both? Neither?”",https://academic.hep.com.cn/fpc/EN/10.3868/s030-007-018-0017-1,黄勇：〈Confucian Ethics: Altruistic? Egoistic? Both? Neither?〉，《Frontiers of Philosophy in China》13卷2期（2018），217—231页，DOI: 10.3868/s030-007-018-0017-1。,"Yong Huang, “Confucian Ethics: Altruistic? Egoistic? Both? Neither?” Frontiers of Philosophy in China 13.2 (2018): 217–231, https://doi.org/10.3868/s030-007-018-0017-1."
huang-zongxi-yuanfa,primary-text,黄宗羲《明夷待访录·原法》,https://ctext.org/wiki.pl?chapter=740433&if=gb,〔清〕黄宗羲：《明夷待访录》〈原法〉。,"Huang Zongxi, Mingyi daifang lu, 'On Law.'"
huang-zongxi-yuanjun,primary-text,黄宗羲《明夷待访录·原君》,https://ctext.org/wiki.pl?chapter=267861&if=gb,〔清〕黄宗羲：《明夷待访录·原君》，中国哲学书电子化计划电子本。,"Huang Zongxi, 'Yuan jun' (On the Ruler), Mingyi daifang lu, Chinese Text Project digital text."
iep-feng-youlan,scholarly-encyclopedia,Feng Youlan (Fung Yu-lan),https://iep.utm.edu/feng/,《冯友兰》，Internet Encyclopedia of Philosophy。,"‘Feng Youlan (Fung Yu-lan),’ Internet Encyclopedia of Philosophy."
iep-feng-youlan-expansion,scholarly-encyclopedia,Feng Youlan (Fung Yu-lan),https://iep.utm.edu/feng/,《冯友兰》，Internet Encyclopedia of Philosophy，第2节“哲学著作”。,"‘Feng Youlan (Fung Yu-lan),’ Internet Encyclopedia of Philosophy, section 2, Philosophical Works."
iep-modern-chinese-expansion,scholarly-encyclopedia,"Chinese Philosophy, Modern",https://iep.utm.edu/modern-chinese-philosophy/,《现代中国哲学》，Internet Encyclopedia of Philosophy；本批使用反传统思潮、1923年科玄论战等节。,"‘Chinese Philosophy, Modern,’ Internet Encyclopedia of Philosophy; sections on anti-traditional thought and the 1923 science-metaphysics debate."
iep-modern-chinese-philosophy,scholarly-encyclopedia,"Chinese Philosophy, Modern",https://iep.utm.edu/modern-chinese-philosophy/,《现代中国哲学》，Internet Encyclopedia of Philosophy。,"‘Chinese Philosophy, Modern,’ Internet Encyclopedia of Philosophy."
iep-zhang-junmai-expansion,scholarly-encyclopedia,Zhang Junmai (Carsun Chang),https://iep.utm.edu/zhang-ju/,《张君劢（Carsun Chang）》，Internet Encyclopedia of Philosophy，第2—4节。,"‘Zhang Junmai (Carsun Chang),’ Internet Encyclopedia of Philosophy, sections 2–4."
jiang-qing-humane-authority-2013,author-book-chapter-preview,"Jiang Qing, “The Way of the Humane Authority”",https://academic.oup.com/princeton-scholarship-online/book/30629/chapter-abstract/259414352?login=false,蒋庆：〈The Way of the Humane Authority: The Theoretical Basis for Confucian Constitutionalism and a Tricameral Parliament〉，载《A Confucian Constitutional Order》，Daniel A. Bell、Ruiping Fan编，Princeton University Press，2013年，第1章。,"Jiang Qing, “The Way of the Humane Authority,” in A Confucian Constitutional Order, ed. Daniel A. Bell and Ruiping Fan (Princeton University Press, 2013), chap. 1."
jiao-xun-mengzi-zhengyi,primary-text,焦循《孟子正义》,https://ctext.org/searchbooks.pl?if=gb&searchu=%E5%AD%9F%E5%AD%90%E6%AD%A3%E7%BE%A9,〔清〕焦循：《孟子正义》卷二十六〈尽心章句上〉，沈文倬点校，北京：中华书局，1987年。,"Jiao Xun, Mengzi zhengyi, juan 26, commentary on Jinxin I, ed. Shen Wenzhuo (Beijing: Zhonghua, 1987)."
li-chenyang-dynamic-harmony-2023,author-academic-book-chapter,"Chenyang Li, “Dynamic Harmony”",https://academic.oup.com/book/49411/chapter/418964636,李晨阳：〈Dynamic Harmony〉，《Reshaping Confucianism: A Progressive Inquiry》，Oxford University Press，2023年，第1章，27—52页。,"Chenyang Li, “Dynamic Harmony,” in Reshaping Confucianism: A Progressive Inquiry (Oxford University Press, 2023), chap. 1, 27–52."
li-gong-shugu,disciple-compilation,《恕谷后集》,https://ctext.org/searchbooks.pl?if=gb&searchu=%E6%81%95%E8%B0%B7%E5%BE%8C%E9%9B%86,〔清〕李塨：《恕谷后集》卷二〈答门人问学〉，冯辰等编《李塨集》，北京：中华书局，1985年。,"Li Gong, Shugu houji, juan 2, reply to students; Li Gong ji (Beijing: Zhonghua, 1985)."
li-zehou-subjectality-response-1999,author-article-with-peer-reviewed-reconstruction,"Li Zehou, “Subjectivity and ‘Subjectality’: A Response”",https://philpapers.org/rec/ZEHSAS,李泽厚：〈Subjectivity and ‘Subjectality’: A Response〉，《Philosophy East and West》49卷2期（1999），174—183页；直接引文另据Jana S. Rošker对李泽厚1985年〈关于主体性的补充说明〉的同行评审重构。,"Li Zehou, “Subjectivity and ‘Subjectality’: A Response,” Philosophy East and West 49.2 (1999): 174–183; direct wording cross-checked through Jana S. Rošker’s peer-reviewed reconstruction of Li’s 1985 supplementary explanation."
li-zhi-dafen-shu-dayong,primary-text,李贽《答邓石阳》,https://zh.wikisource.org/wiki/焚書/卷1,〔明〕李贽：〈答邓石阳〉，《焚书》卷一。,"Li Zhi, 'Reply to Deng Shiyang,' Fen shu, juan 1."
li-zhi-tongxinshuo,primary-text,李贽《焚书》卷三·童心说,https://zh.wikisource.org/wiki/%E7%84%9A%E6%9B%B8/%E5%8D%B73,〔明〕李贽：〈童心说〉，《焚书》卷三；张建业主编《李贽全集注》，北京：社会科学文献出版社，2010年。,"Li Zhi, 'Tongxin shuo' (On the Childlike Mind), Fen shu, juan 3; in Zhang Jianye, ed., Li Zhi quanji zhu (Beijing: Social Sciences Academic Press, 2010)."
liu-zhi-tianfang,primary-text,刘智《天方性理》,https://ctext.org/searchbooks.pl?if=gb&searchu=%E5%A4%A9%E6%96%B9%E6%80%A7%E7%90%86,〔清〕刘智：《天方性理》本经第一章，清康熙刻本；收入余振贵主编《中国回族典籍丛书》。,"Liu Zhi, Tianfang xingli, Root Classic, chapter 1, Kangxi edition; Chinese Hui Classics Series."
liu-zongzhou-renpu,primary-text,刘宗周《人谱》,https://ctext.org/searchbooks.pl?if=gb&searchu=%E4%BA%BA%E8%AD%9C,〔明〕刘宗周：《人谱》，《刘宗周全集》第二册，杭州：浙江古籍出版社，2007年。,"Liu Zongzhou, Renpu, Liu Zongzhou quanji, vol. 2 (Hangzhou: Zhejiang Guji, 2007)."
lu-jiuyuan-nianpu-36,primary-text-in-early-compilation,《象山先生全集》卷三十六·年谱,https://ctext.org/wiki.pl?chapter=115800&if=gb,〔宋〕陆九渊语，门人及家人编次：《象山先生全集》卷三十六〈年谱〉；参钟哲点校《陆九渊集》，北京：中华书局，1980年，卷三十六。,"Saying of Lu Jiuyuan preserved in the chronological biography, Xiangshan xiansheng quanji, juan 36; see Zhong Zhe, ed., Lu Jiuyuan ji (Beijing: Zhonghua Book Company, 1980), juan 36."
lu-jiuyuan-yulu-benxin,disciple-record,《象山先生全集》卷三十五·语录,https://ctext.org/searchbooks.pl?if=gb&searchu=人心有病須是剝落,〔宋〕陆九渊语，门人记录：《象山先生全集》卷三十五〈语录〉。,"Sayings of Lu Jiuyuan, Xiangshan xiansheng quanji, juan 35."
lu-jiuyuan-zashuo-22,primary-text-in-early-compilation,《象山先生全集》卷三十六·年谱,https://ctext.org/wiki.pl?chapter=115800&if=gb,〔宋〕陆九渊语，门人及家人编次：《象山先生全集》卷三十六〈年谱〉；参钟哲点校《陆九渊集》，北京：中华书局，1980年，卷三十六。,"Saying of Lu Jiuyuan preserved in the chronological biography, Xiangshan xiansheng quanji, juan 36; see Zhong Zhe, ed., Lu Jiuyuan ji (Beijing: Zhonghua Book Company, 1980), juan 36."
luo-rufang-xutan,disciple-record,《盱坛直诠》,https://ctext.org/searchbooks.pl?if=gb&searchu=%E7%9B%B1%E5%A3%87%E7%9B%B4%E8%A9%AE,〔明〕罗汝芳讲，门人记录：《盱坛直诠》上卷，方祖猷等整理，南京：凤凰出版社，2007年。,"Lectures of Luo Rufang recorded by disciples, Xutan zhiquan, first juan (Nanjing: Phoenix, 2007)."
lv-zuqian-lize,disciple-record,《丽泽论说集录》,https://ctext.org/searchbooks.pl?if=gb&searchu=%E9%BA%97%E6%BE%A4%E8%AB%96%E8%AA%AA%E9%9B%86%E9%8C%84,〔宋〕吕祖谦讲，门人记录：《丽泽论说集录》卷三，收入《吕祖谦全集》，杭州：浙江古籍出版社，2008年。,"Lectures of Lü Zuqian recorded by disciples, Lize lunshuo jilu, juan 3, in Lü Zuqian quanji (Hangzhou: Zhejiang Guji, 2008)."
ma-zhu-qingzhen,primary-text,马注《清真指南》,https://ctext.org/searchbooks.pl?if=gb&searchu=%E6%B8%85%E7%9C%9F%E6%8C%87%E5%8D%97,〔清〕马注：《清真指南》卷一〈认主〉，清康熙刊本；收入余振贵主编《中国回族典籍丛书》。,"Ma Zhu, Qingzhen zhinan, juan 1, 'Recognizing the Lord,' Kangxi edition; reprinted in Chinese Hui Classics Series."
mia-mao-on-contradiction-expansion,digital-primary-text,毛泽东《矛盾论》（1937）,https://www.marxists.org/chinese/maozedong/marxist.org-chinese-mao-193708.htm,马克思主义文库所收毛泽东《矛盾论》电子文本；正式版本页码仍须对照《毛泽东选集》。,Electronic transcription of Mao Zedong's On Contradiction at Marxists Internet Archive; collected-edition pagination remains to be collated.
mia-mao-on-practice,digital-text-corpus,毛泽东《实践论》,https://www.marxists.org/chinese/maozedong/marxist.org-chinese-mao-193707.htm,马克思主义文库所收毛泽东《实践论》电子文本；正式版本定位仍须对照《毛泽东选集》。,Electronic text of Mao Zedong's On Practice in the Marxists Internet Archive; final edition-level review should use the Selected Works.
mou-history,scholarly-book,History of Chinese Philosophy,https://www.routledge.com/History-of-Chinese-Philosophy/Mou/p/book/9780415837422,牟博主编《中国哲学史》。,Bo Mou ed. History of Chinese Philosophy.
oxford-bibliography,scholarly-reference,Chinese Philosophy: Oxford Bibliographies,https://doi.org/10.1093/obo/9780195396577-0141,Bryan W. Van Norden《中国哲学》牛津书目。,Bryan W. Van Norden Chinese Philosophy in Oxford Bibliographies.
oxford-handbook-2025,scholarly-reference,The Oxford Handbook of Chinese Philosophy,https://doi.org/10.1093/oxfordhb/9780199945498.001.0001,Justin Tiwald 主编《牛津中国哲学手册》（Oxford University Press 2025）。,Justin Tiwald ed. The Oxford Handbook of Chinese Philosophy (Oxford University Press 2025).
qian-dehong-xuwang,participant-record,钱德洪《刻文录叙说》,https://ctext.org/searchbooks.pl?if=gb&searchu=%E5%88%BB%E6%96%87%E9%8C%84%E6%95%98%E8%AA%AA,〔明〕钱德洪：〈刻文录叙说〉，附《王阳明全集》卷四十一，吴光等编校，上海：上海古籍出版社，2011年。,"Qian Dehong, prefatory account to the Wenlu, appended to Wang Yangming quanji, juan 41 (Shanghai Guji, 2011)."
robin-wang-yinyang-2012,author-book-preview,"Robin R. Wang, Yinyang: The Way of Heaven and Earth in Chinese Thought and Culture",https://assets.cambridge.org/97811070/00155/excerpt/9781107000155_excerpt.pdf,Robin R. Wang：《Yinyang: The Way of Heaven and Earth in Chinese Thought and Culture》，纽约：Cambridge University Press，2012年，导论及第2章。,"Robin R. Wang, Yinyang: The Way of Heaven and Earth in Chinese Thought and Culture (New York: Cambridge University Press, 2012), introduction and chap. 2."
ruan-yuan-lunren,primary-text,阮元《论语论仁论》,https://ctext.org/searchbooks.pl?if=gb&searchu=%E8%AB%96%E8%AA%9E%E8%AB%96%E4%BB%81%E8%AB%96,〔清〕阮元：〈论语论仁论〉，《揅经室集》一集卷八，中华书局影印本，1993年。,"Ruan Yuan, 'Lunyu lun ren lun,' Yanjingshi ji, first collection, juan 8 (Zhonghua facsimile, 1993)."
sage-wang-ruoshui-alienation-1984,translated-primary-article,On the Problem of Alienation,https://journals.sagepub.com/doi/10.1177/000944558402000304,王若水：〈论异化问题〉英译，China Report 20卷3期，1984；期刊页面说明该文属于其异化与人道主义论争。,"Wang Ruoshui, ‘On the Problem of Alienation,’ China Report 20.3 (1984), translated primary article."
sep-confucius,scholarly-encyclopedia,Confucius,https://plato.stanford.edu/entries/confucius/,斯坦福哲学百科《孔子》。,Stanford Encyclopedia of Philosophy: Confucius.
sep-daoism,scholarly-encyclopedia,Daoism,https://plato.stanford.edu/entries/daoism/,斯坦福哲学百科《道家》。,Stanford Encyclopedia of Philosophy: Daoism.
sep-legalism,scholarly-encyclopedia,Legalism in Chinese Philosophy,https://plato.stanford.edu/entries/chinese-legalism/,斯坦福哲学百科《中国哲学中的法家》。,Stanford Encyclopedia of Philosophy: Legalism in Chinese Philosophy.
sep-mencius,scholarly-encyclopedia,Mencius,https://plato.stanford.edu/entries/mencius/,斯坦福哲学百科《孟子》。,Stanford Encyclopedia of Philosophy: Mencius.
sep-modern-confucianism,scholarly-encyclopedia,Modern Confucianism,https://plato.stanford.edu/entries/confucianism-modern/,斯坦福哲学百科《现代儒学》。,Stanford Encyclopedia of Philosophy: Modern Confucianism.
sep-modern-confucianism-2023,scholarly-encyclopedia,Modern Confucianism,https://plato.stanford.edu/entries/confucianism-modern/,David Elstein，《现代儒学》，《斯坦福哲学百科全书》，2023。,"David Elstein, ‘Modern Confucianism,’ Stanford Encyclopedia of Philosophy, 2023."
sep-modern-confucianism-expansion-2023,scholarly-encyclopedia,Modern Confucianism,https://plato.stanford.edu/entries/confucianism-modern/,David Elstein，《现代儒学》，《斯坦福哲学百科全书》，2023年首刊；本批使用第1、3、4节的带行段定位网络版。,"David Elstein, ‘Modern Confucianism,’ Stanford Encyclopedia of Philosophy, first published 2023; cited by section and web paragraph."
sep-mohism,scholarly-encyclopedia,Mohism,https://plato.stanford.edu/entries/mohism/,斯坦福哲学百科《墨家》。,Stanford Encyclopedia of Philosophy: Mohism.
sep-neo-daoism,scholarly-encyclopedia,Neo-Daoism,https://plato.stanford.edu/entries/neo-daoism/,斯坦福哲学百科《玄学》。,Stanford Encyclopedia of Philosophy: Neo-Daoism.
sep-social-political,scholarly-encyclopedia,Social and Political Thought in Chinese Philosophy,https://plato.stanford.edu/entries/chinese-social-political/,斯坦福哲学百科《中国哲学中的社会与政治思想》。,Stanford Encyclopedia of Philosophy: Social and Political Thought in Chinese Philosophy.
sep-song-ming,scholarly-encyclopedia,Song-Ming Confucianism,https://plato.stanford.edu/entries/song-ming-confucianism/,斯坦福哲学百科《宋明儒学》。,Stanford Encyclopedia of Philosophy: Song-Ming Confucianism.
sep-xunzi,scholarly-encyclopedia,Xunzi,https://plato.stanford.edu/entries/xunzi/,斯坦福哲学百科《荀子》。,Stanford Encyclopedia of Philosophy: Xunzi.
sep-zhuangzi,scholarly-encyclopedia,Zhuangzi,https://plato.stanford.edu/entries/zhuangzi/,斯坦福哲学百科《庄子》。,Stanford Encyclopedia of Philosophy: Zhuangzi.
shao-yong-huangji-11,primary-text,邵雍《皇极经世》卷十一,https://zh.wikisource.org/zh-hant/%E7%9A%87%E6%A5%B5%E7%B6%93%E4%B8%96/%E5%8D%B7%E5%8D%81%E4%B8%80,〔宋〕邵雍：《皇极经世》卷十一〈观物篇五十一〉，维基文库四库全书系统电子本。,"Shao Yong, Huangji jingshi, juan 11, 'Guanwu pian 51,' Wikisource digital text in the Siku textual tradition."
sinica-hanji,digital-text-corpus,Academia Sinica Scripta Sinica,https://hanji.ihp.sinica.edu.tw/ihp/help.htm,中央研究院汉籍电子文献资料库；用于经史子集原文检索和与其他电子文本交叉核对。,Academia Sinica Scripta Sinica database; used to search classical texts and cross-check other digital transcriptions.
src-ai-siqi-dazhong-zhexue-fudan-study,primary-quotation-in-peer-reviewed-study,“哲学是关于世界观的学问”吗？,https://wmarxism.fudan.edu.cn/_upload/article/files/20/b3/d891560b4f60b3275e83cbb42fa4/2a4d0c2f-e5f4-4c51-b554-e91e3aabd647.pdf,俞吾金：〈“哲学是关于世界观的学问”吗？〉，复旦大学马克思主义研究院资料，讨论并引述艾思奇《大众哲学》对哲学与世界观的界定。,"Yu Wujin, “Is Philosophy the Study of Worldviews?”, Fudan University Institute of Marxism, discussing and quoting Ai Siqi's definition in Popular Philosophy."
src-analects-liren-ctext,primary-text-reported-speech,"《论语·里仁》 / Analects, ""Li Ren""",https://ctext.org/analects/li-ren/zh,《论语·里仁》，中国哲学书电子化计划电子本。,"Analects, ""Li Ren,"" Chinese Text Project electronic text."
src-analects-zihan-ctext,primary-text-reported-speech,"《论语·子罕》 / Analects, ""Zi Han""",https://ctext.org/analects/zi-han/zh,《论语·子罕》，中国哲学书电子化计划电子本。,"Analects, ""Zi Han,"" Chinese Text Project electronic text."
src-banzhao-nvjie,primary-text-digital-edition,女誡,https://zh.wikisource.org/zh/%E5%A5%B3%E8%AA%A1,班昭：《女誡》，維基文庫校錄本。,"Ban Zhao, Admonitions for Women (Nüjie), Wikisource digital text."
src-bodhidharma-two-entrances-critical-study,early-chan-text-with-disputed-attribution-in-scholarly-edition,《二入四行论》昙林序及本文（敦煌写本系统）,https://toyo.repo.nii.ac.jp/record/7606/files/higashiasiabukkyogaku1_127-155.pdf,伊吹敦：〈禅宗の成立と佛性觀の變容〉，据敦煌写本校录《二入四行论》昙林序及本文，《東アジア仏教学術論集》第1号，2013年，第127—155页。,"Ibuki Atsushi, “The Formation of Chan and the Transformation of Buddha-nature Thought,” East Asian Buddhist Studies 1 (2013), pp. 127–155, including a critically presented text from the Dunhuang Two Entrances and Four Practices manuscript tradition."
src-changyan-zhong-zhongchangtong,primary-fragments-in-official-history,"仲长统《昌言》卷中 / Changyan, middle scroll",https://zh.wikisource.org/zh-hans/%E6%98%8C%E8%A8%80/%E5%8D%B7%E4%B8%AD,仲长统：《昌言》卷中，传世辑本，维基文库电子本。,"Zhongchang Tong, Changyan, middle scroll, received reconstructed text on Wikisource."
src-chunqiu-fanlu-wuxing,received-text-traditional-attribution,《春秋繁露·五行相生》 / Luxuriant Gems of the Spring and Autumn Annals,https://ctext.org/chun-qiu-fan-lu/wu-xing-xiang-sheng/zh,传统归董仲舒：《春秋繁露·五行相生》，中国哲学书电子化计划电子本。,"Traditionally attributed to Dong Zhongshu, Chunqiu fanlu, 'Mutual Generation of the Five Phases,' Chinese Text Project."
src-daosheng-fahuajingshu-cbeta,attributed-primary-commentary-critical-digital-edition,法華經疏,https://cbetaonline.dila.edu.tw/zh/X0577,竺道生撰：《法華經疏》卷一，《卍新纂大日本續藏經》第27冊第577號，CBETA 電子佛典集成。,"Attributed to Zhu Daosheng, Commentary on the Lotus Sutra, juan 1, Manji Shinsan Dainihon Zokuzōkyō 27, no. 577, CBETA."
src-dushun-fajieguan-attributed,attributed-text-in-later-commentary,華嚴法界觀門（澄觀《華嚴法界玄鏡》所存）,https://cbetaonline.dila.edu.tw/zh/T45n1883_001,傳杜順撰，澄觀述：《華嚴法界玄鏡》所存〈華嚴法界觀門〉，《大正新脩大藏經》第45冊第1883號，CBETA。,"Attributed to Dushun, Gate of Contemplating the Huayan Dharma Realm, preserved in Chengguan's Huayan fajie xuanjing, Taishō 45, no. 1883, CBETA."
src-fang-dongmei-chinese-life-quoted,primary-quotation-in-scholarly-study,中國人生哲學,https://hksh.site/duh/bas05.htm,方东美：《中国人生哲学》，台北：黎明文化，1985年第6版，第114—115页；引文见杜保瑞〈对方东美论中国形上学的方法论反省〉。,"Thomé H. Fang, Chinese Philosophy of Life, 6th ed. (Taipei: Liming, 1985), pp. 114–115; quotation reproduced in Du Baorui's methodological study of Fang's metaphysics."
src-fangyizhi-wulixiaoshi-preface,primary-text-digital-edition,方以智《物理小识·自序》 / Preface to Notes on the Principles of Things,https://www.shidianguji.com/book/SK1915/chapter/1k02bd34exzj9,方以智：《物理小识·自序》，识典古籍电子本。,"Fang Yizhi, Preface to Wuli xiaoshi, Shidian Guji digital text."
src-fanzhen-shenmie,primary-text-in-dynastic-history,梁書·范縝傳所載神滅論,https://www.zhonghuashu.com/wiki/%E6%A2%81%E6%9B%B8_%28%E5%9B%9B%E5%BA%AB%E5%85%A8%E6%9B%B8%E6%9C%AC%29/%E5%8D%B748,姚思廉：《梁書》卷四十八〈范縝傳〉所載〈神滅論〉，《四庫全書》本數字影像。,"Yao Silian, Book of Liang, juan 48, “Biography of Fan Zhen,” preserving the Treatise on the Extinction of Spirit, Siku quanshu digital facsimile."
src-fazang-huayan-yicheng,primary-text-critical-digital-edition,法藏《华严一乘教义分齐章》 / Treatise on the Five Teachings,https://cbetaonline.dila.edu.tw/zh/T45n1866_004,法藏：《华严一乘教义分齐章》卷四，《大正藏》第45册第1866号，CBETA。,"Fazang, Treatise on the Five Teachings, juan 4, Taisho 45 no. 1866, CBETA."
src-fazang-jinshizizhang-cbeta,primary-text-critical-digital-edition,華嚴金師子章,https://cbetaonline.dila.edu.tw/zh/T45n1881_001,法藏述：《華嚴金師子章》，《大正新脩大藏經》第45冊第1881號，CBETA 電子佛典集成。,"Fazang, Treatise on the Golden Lion of Huayan, Taishō shinshū daizōkyō 45, no. 1881, CBETA."
src-feng-qi-wisdom-introduction,primary-text-university-republication,智慧的探索——《智慧说三篇》导论,https://www.csust.edu.cn/mksxy/info/1077/4865.htm,冯契：〈智慧的探索——《智慧说三篇》导论〉，长沙理工大学马克思主义学院转载《冯契文集》第1卷文本。,"Feng Qi, “The Exploration of Wisdom: Introduction to Three Essays on Wisdom,” university republication of the text in Collected Works of Feng Qi, vol. 1."
src-fengguifen-xiaobinlu,primary-text-with-scholarly-transcription,冯桂芬《校邠庐抗议·采西学议》 / Jiaobinlu kangyi on adopting Western learning,https://www.chinawriter.com.cn/n1/2024/0715/c404063-40277809.html,冯桂芬：《校邠庐抗议·采西学议》；引文据中国作家网文史栏目核录。,"Feng Guifen, Jiaobinlu kangyi, 'On Adopting Western Learning,' excerpt transcribed by China Writers Association historical scholarship portal."
src-gaopanlong-gaozi-yishu,primary-text-compilation,高攀龙《高子遗书》 / Posthumous Writings of Master Gao,https://zh.wikisource.org/zh-hans/%E9%AB%98%E5%AD%90%E9%81%BA%E6%9B%B8_(%E5%9B%9B%E5%BA%AB%E5%85%A8%E6%9B%B8%E6%9C%AC),高攀龙：《高子遗书》，四库全书本，维基文库电子本。,"Gao Panlong, Gaozi yishu, Siku edition on Wikisource."
src-gehong-baopuzi-neipian,primary-text-digital-edition,抱朴子內篇,https://ctext.org/wiki.pl?if=zh&res=163220,葛洪：《抱朴子內篇》，中國哲學書電子化計劃。,"Ge Hong, Inner Chapters of the Master Who Embraces Simplicity, Chinese Text Project digital edition."
src-gong-shangdaxueshishu-wikisource,primary-text-memorial,"龚自珍《上大学士书》 / Gong Zizhen, Letter to the Grand Secretaries",https://zh.wikisource.org/zh-hans/%E9%BE%94%E8%87%AA%E7%8F%8D%E9%9B%86/%E5%8D%B75,龚自珍《上大学士书》，《龚自珍集》卷五，维基文库电子本。,"Gong Zizhen, Letter to the Grand Secretaries, Collected Works of Gong Zizhen, vol. 5, Wikisource electronic text."
src-gongsunlongzi-baimajun-ctext,primary-text,"《公孙龙子·白马论》 / Gongsun Longzi, ""White Horse Discourse""",https://ctext.org/gongsunlongzi/bai-ma-lun/zh,《公孙龙子·白马论》，中国哲学书电子化计划电子本。,"Gongsun Longzi, ""White Horse Discourse,"" Chinese Text Project electronic text."
src-guanzi-mumin-ctext,primary-text-school-compilation,"《管子·牧民》 / Guanzi, ""Shepherding the People""",https://ctext.org/guanzi/mu-min/zh,《管子·牧民》，中国哲学书电子化计划电子本。,"Guanzi, ""Shepherding the People,"" Chinese Text Project electronic text."
src-guoxiang-zhuangzi-jishi-ctext,primary-commentary-digital-edition,莊子集釋·齊物論（郭象注）,https://ctext.org/wiki.pl?chapter=927315&if=zh,郭象注、成玄英疏，郭慶藩輯：《莊子集釋》卷一下〈齊物論〉，中國哲學書電子化計劃。,"Guo Xiang, commentary in Guo Qingfan, ed., Collected Explanations of the Zhuangzi, juan 1b, “Discussion on Making All Things Equal,” Chinese Text Project."
src-guoxiang-zhuangzi-xiaoyaoyou,primary-commentary-digital-edition,郭象《庄子注·逍遥游》 / Guo Xiang's Zhuangzi Commentary,https://ctext.org/wiki.pl?if=zh&chapter=407868,郭象注：《庄子·逍遥游》，中国哲学书电子化计划影印本。,"Guo Xiang, Commentary on the Zhuangzi, 'Free and Easy Wandering,' Chinese Text Project facsimile."
src-guxiancheng-donglin-liezhuan,official-biography-preserving-doctrinal-statements,《东林列传·顾宪成传》 / Biography of Gu Xiancheng,https://zh.wikisource.org/zh-hans/%E6%9D%B1%E6%9E%97%E5%88%97%E5%82%B3_(%E5%9B%9B%E5%BA%AB%E5%85%A8%E6%9B%B8%E6%9C%AC)/%E5%8D%B702,陈鼎：《东林列传》卷二《顾宪成传》，四库全书本，维基文库。,"Chen Ding, Donglin liezhuan, juan 2, Biography of Gu Xiancheng, Siku edition on Wikisource."
src-hanfeizi-dingfa-ctext,primary-text-reported,"《韩非子·定法》 / Han Feizi, ""Establishing Standards""",https://ctext.org/hanfeizi/ding-fa/zh,《韩非子·定法》，中国哲学书电子化计划电子本。,"Han Feizi, ""Establishing Standards,"" Chinese Text Project electronic text."
src-hanfeizi-erbing-ctext,primary-text,"《韩非子·二柄》 / Han Feizi, ""The Two Handles""",https://ctext.org/hanfeizi/er-bing/zh,《韩非子·二柄》，中国哲学书电子化计划电子本。,"Han Feizi, ""The Two Handles,"" Chinese Text Project electronic text."
src-hanshu-dongzhongshu-ctext,primary-text-embedded-memorial,"《汉书·董仲舒传》 / Han Shu, ""Biography of Dong Zhongshu""",https://ctext.org/han-shu/dong-zhong-shu-zhuan/zh,班固《汉书·董仲舒传》所录董仲舒对策，中国哲学书电子化计划电子本。,"Ban Gu, Han Shu, ""Biography of Dong Zhongshu,"" memorial by Dong Zhongshu, Chinese Text Project electronic text."
src-hanshu-simaqian-ctext,primary-text-letter-in-history,"《汉书·司马迁传》所录《报任安书》 / Han Shu, ""Biography of Sima Qian,"" preserving the Letter to Ren An",https://ctext.org/han-shu/si-ma-qian-zhuan/zh,班固《汉书·司马迁传》所录司马迁《报任安书》，中国哲学书电子化计划电子本。,"Ban Gu, Han Shu, ""Biography of Sima Qian,"" preserving Sima Qian's ""Letter to Ren An,"" Chinese Text Project electronic text."
src-hanyu-yuandao,primary-text-digital-edition,原道,https://zh.wikisource.org/zh/%E5%8E%9F%E9%81%93,韓愈：〈原道〉，《韓昌黎文集》，維基文庫校錄本。,"Han Yu, “An Inquiry into the Way,” Collected Writings of Han Changli, Wikisource digital text."
src-he-lin-wenhua-yu-rensheng-scan,primary-book-digital-scan,文化與人生,https://commons.wikimedia.org/wiki/File:CADAL07000415_%E6%96%87%E5%8C%96%E8%88%87%E4%BA%BA%E7%94%9F.djvu,贺麟：《文化与人生》，上海：商务印书馆，1947年，CADAL数字扫描本。,"He Lin, Culture and Life (Shanghai: Commercial Press, 1947), CADAL digital scan hosted by Wikimedia Commons."
src-heyan-daolun-liezi-zhu-ctext,transmitted-fragment-digital-facsimile,列子注·天瑞（引何晏《道論》佚文）,https://ctext.org/wiki.pl?chapter=720983&if=zh,張湛注：《列子》卷一〈天瑞〉，引何晏《道論》佚文，《四庫全書》本影像，中國哲學書電子化計劃。,"Zhang Zhan, Commentary on the Liezi, juan 1, “Heaven's Gifts,” quoting a lost fragment of He Yan's Discourse on the Way, Siku quanshu facsimile, Chinese Text Project."
src-hezhen-birth-chinese-feminism-cup,university-press-secondary-summary-and-translations,The Birth of Chinese Feminism: Essential Texts in Transnational Theory,https://cup.columbia.edu/book/the-birth-of-chinese-feminism/9780231533263/,刘禾、Rebecca E. Karl、Dorothy Ko编，《中国女性主义的诞生：跨国理论的核心文本》，哥伦比亚大学出版社，2013年，出版社内容提要及何殷震六篇译文目录。,"Lydia H. Liu, Rebecca E. Karl, and Dorothy Ko, eds., The Birth of Chinese Feminism, Columbia University Press, 2013, publisher summary and table of translated He-Yin Zhen essays."
src-hongmingji-xinlun-xingshen-ctext,primary-fragment-in-anthology,"《弘明集》卷五所存桓谭《新论·形神》 / Hongming ji 5, preserving Huan Tan's Xinlun fragment on body and spirit",https://ctext.org/wiki.pl?chapter=59735&if=en&remap=gb,《弘明集》卷五所存桓谭《新论·形神》，中国哲学书电子化计划电子本。,"Hongming ji, vol. 5, preserving Huan Tan's Xinlun fragment ""Body and Spirit,"" Chinese Text Project electronic text."
src-huainanzi-tianwen-ctext,primary-text-court-compilation,"《淮南子·天文训》 / Huainanzi, Celestial Patterns",https://ctext.org/huainanzi/tian-wen-xun/zh,刘安主持编纂：《淮南子·天文训》，中国哲学书电子化计划电子本。,"Huainanzi, 'Celestial Patterns,' Chinese Text Project electronic text."
src-huainanzi-xiuwu-ctext,early-imperial-legend-report,"《淮南子·修务训》 / Huainanzi, ""Cultivating Effort""",https://ctext.org/huainanzi/xiu-wu-xun/zh,《淮南子·修务训》，中国哲学书电子化计划电子本。,"Huainanzi, ""Cultivating Effort,"" Chinese Text Project electronic text."
src-huainanzi-yuandao-ctext,primary-text-court-compilation,"《淮南子·原道训》 / Huainanzi, ""Tracing the Way""",https://ctext.org/huainanzi/yuan-dao-xun/zh,刘安主编《淮南子·原道训》，中国哲学书电子化计划电子本。,"Huainanzi, compiled under Liu An, ""Tracing the Way,"" Chinese Text Project electronic text."
src-huangbo-chuanxin-t48,near-contemporary-disciple-record-critical-edition,黃檗山斷際禪師傳心法要,https://buddhism.lib.ntu.edu.tw/FULLTEXT/sutra/chi_pdf/sutra19/T48n2012A.pdf,裴休集并序：《黄檗山断际禅师传心法要》，《大正新修大藏经》第48册第2012A号，臺大佛学数字图书馆影印本。,"Pei Xiu, comp., Essentials of Mind Transmission of Chan Master Huangbo Duanji, Taishō vol. 48, no. 2012A, NTU Digital Library of Buddhist Studies."
src-huangdi-neijing-shanggutianzhen-ctext,medical-dialogue-received-text,"《黄帝内经素问·上古天真论》 / Huangdi Neijing Suwen, ""Discourse on the Natural Truth of Antiquity""",https://ctext.org/huangdi-neijing/shang-gu-tian-zhen-lun/zh,《黄帝内经素问·上古天真论》，中国哲学书电子化计划电子本。,"Huangdi Neijing Suwen, ""Discourse on the Natural Truth of Antiquity,"" Chinese Text Project electronic text."
src-huineng-tanjing-cbeta,received-tradition-text-critical-digital-edition,六祖大師法寶壇經,https://cbetaonline.dila.edu.tw/zh/T48n2008_001,宗寶編：《六祖大師法寶壇經》卷一，《大正新脩大藏經》第48冊第2008號，CBETA 電子佛典集成。,"Zongbao, comp., Dharma-Treasure Platform Sutra of the Sixth Patriarch, juan 1, Taishō shinshū daizōkyō 48, no. 2008, CBETA."
src-huiyuan-shamen,primary-text-critical-digital-edition,沙門不敬王者論,https://cbetaonline.dila.edu.tw/zh/T52n2102_005,慧遠：《沙門不敬王者論》，僧祐《弘明集》卷五，《大正新脩大藏經》第52冊第2102號，CBETA。,"Huiyuan, “On Why Monastics Do Not Bow to Rulers,” in Sengyou's Hongming ji, juan 5, Taishō 52, no. 2102, CBETA."
src-jianzhukeshu-ctext,primary-text-memorial,"李斯《谏逐客书》 / Li Si, ""Memorial against the Expulsion of Guest Officers""",https://ctext.org/jian-zhu-ke-shu/zh,李斯《谏逐客书》，中国哲学书电子化计划电子本。,"Li Si, ""Memorial against the Expulsion of Guest Officers,"" Chinese Text Project electronic text."
src-jikang-shengwuailelun-ctext,primary-text-digital-facsimile,嵇中散集·聲無哀樂論,https://ctext.org/wiki.pl?chapter=397484&if=zh,嵇康：《嵇中散集》卷五〈聲無哀樂論〉，《四庫全書》本影像，中國哲學書電子化計劃。,"Ji Kang, “Discourse on Sound Being Without Sorrow or Joy,” Collected Works of Ji Zhongsan, juan 5, Siku quanshu facsimile, Chinese Text Project."
src-jikang-yangshenglun,primary-text-digital-edition,嵇康《养生论》 / Discourse on Nourishing Life,https://zh.wikisource.org/zh/%E9%A4%8A%E7%94%9F%E8%AB%96,嵇康：《养生论》，维基文库校录本。,"Ji Kang, 'Discourse on Nourishing Life,' Wikisource digital text."
src-jinyuelin-hu-theory-dao-wiley,academic-book-chapter-secondary-summary,Jin Yuelin's Theory of Dao,https://onlinelibrary.wiley.com/doi/10.1002/9780470753491.ch6,胡军《金岳霖的道论》，载成中英、Nicholas Bunnin编《当代中国哲学》，Wiley，2002年。,"Jun Hu, Jin Yuelin's Theory of Dao, in Contemporary Chinese Philosophy, ed. Chung-Ying Cheng and Nicholas Bunnin, Wiley, 2002."
src-jiutangshu-lvcai,official-history-preserving-primary-memorial,"《旧唐书·吕才传》所录奏议 / Old Book of Tang, Biography of Lü Cai",https://zh.wikisource.org/zh-hans/%E8%88%8A%E5%94%90%E6%9B%B8/%E5%8D%B779,《旧唐书》卷七十九《吕才传》，维基文库电子本。,"Old Book of Tang, juan 79, Biography of Lü Cai, Wikisource."
src-jizang-erdi,primary-text-critical-digital-edition,二諦義,https://cbetaonline.dila.edu.tw/zh/T45n1854_001,吉藏：《二諦義》卷一，《大正新脩大藏經》第45冊第1854號，CBETA。,"Jizang, Meaning of the Two Truths, juan 1, Taishō 45, no. 1854, CBETA."
src-kang-datongshu-yibu-wikisource,primary-text,"康有为《大同书·乙部》 / Kang Youwei, Book of Great Unity, Part B",https://zh.wikisource.org/zh-hans/%E5%A4%A7%E5%90%8C%E6%9B%B8/%E4%B9%99%E9%83%A8,康有为《大同书·乙部》，维基文库电子本。,"Kang Youwei, Book of Great Unity, Part B, Wikisource electronic text."
src-kuiji-chengweishi-shuji,primary-commentary-critical-digital-edition,成唯識論述記,https://buddhism.lib.ntu.edu.tw/BDLM/sutra/html/T43/T43n1830.htm,窺基：《成唯識論述記》卷一，《大正新脩大藏經》第43冊第1830號，臺大佛學數位圖書館電子版。,"Kuiji, Detailed Commentary on the Cheng weishi lun, juan 1, Taishō 43, no. 1830, NTU Digital Library of Buddhist Studies."
src-lao-szekwang-method-sinica,primary-quotation-in-academic-memorial-study,勞思光教授逝世周年專輯,https://www.litphil.sinica.edu.tw/newsletter/92/41-124.pdf,中央研究院中国文哲研究所：《劳思光教授逝世周年专辑》，《中国文哲研究通讯》第23卷第2期，2013年，第41—124页；引《新编中国哲学史》卷一第14—15页。,"Institute of Chinese Literature and Philosophy, Academia Sinica, Memorial Issue for Professor Lao Sze-kwang, Newsletter 23.2 (2013), pp. 41–124, quoting New History of Chinese Philosophy, vol. 1, pp. 14–15."
src-liao-fuxingshu,primary-text-digital-edition,復性書,https://kzjjh.chinakongzi.org/baike/DIANJI/BAIKEJILEI/201711/t20171108_146414.htm,李翱：《復性書》上篇，中國孔子網典籍條目據傳世《李文公集》校錄。,"Li Ao, Book of Returning to One's Nature, part 1, transcription from the received Li Wengong ji, China Confucius Foundation."
src-lida-knight-epistemology-logic,academic-monograph-secondary-summary,Elements of Sociology: Epistemology and Logic,https://www.taylorfrancis.com/chapters/mono/10.4324/9780429499234-8/elements-sociology-epistemology-logic-nick-knight,Nick Knight，《李达与中国马克思主义哲学》之“《社会学大纲》：认识论与逻辑”章，Taylor & Francis电子版。,"Nick Knight, Elements of Sociology: Epistemology and Logic, in Li Da and Marxist Philosophy in China, Taylor & Francis."
src-liezi-tianrui-ctext,received-text-disputed-date,"《列子·天瑞》 / Liezi, ""The Gifts of Heaven""",https://ctext.org/liezi/tian-rui/zh,《列子·天瑞》，中国哲学书电子化计划电子本。,"Liezi, ""The Gifts of Heaven,"" Chinese Text Project electronic text."
src-liji-zhongyong-ctext,primary-text-traditional-attribution,"《礼记·中庸》 / Liji, ""Zhong Yong""",https://ctext.org/liji/zhong-yong/zh,《礼记·中庸》，中国哲学书电子化计划电子本。,"Liji, ""Zhong Yong,"" Chinese Text Project electronic text."
src-linji-lu-t47,later-redacted-chan-record-critical-edition,鎮州臨濟慧照禪師語錄,https://cbetaonline.dila.edu.tw/zh/T47n1985_001,慧然集、圆觉重编：《镇州临济慧照禅师语录》，《大正新修大藏经》第47册第1985号，CBETA。,"Huiran, collector, and Yuanjue, later redactor, Record of Chan Master Linji Huizhao of Zhenzhou, Taishō vol. 47, no. 1985, CBETA."
src-liuzongyuan-fengjianlun,primary-text-digital-edition,封建論,https://zh.wikisource.org/zh/%E5%B0%81%E5%BB%BA%E8%AB%96,柳宗元：〈封建論〉，《柳河東集》，維基文庫校錄本。,"Liu Zongyuan, “Discourse on Enfeoffment,” Collected Works of Liu Hedong, Wikisource digital text."
src-liuzongyuan-tianshuo,primary-text-digital-edition,柳宗元《天说》 / Discourse on Heaven,https://zh.wikisource.org/zh/%E5%A4%A9%E8%AA%AA,柳宗元：《天说》，维基文库校录本。,"Liu Zongyuan, 'Discourse on Heaven,' Wikisource digital text."
src-lunheng-lunshi-ctext,primary-text,"《论衡·论死》 / Lunheng, On Death",https://ctext.org/lunheng/lun-si/zh,王充：《论衡·论死》，中国哲学书电子化计划电子本。,"Wang Chong, Lunheng, 'On Death,' Chinese Text Project electronic text."
src-lunheng-qangao-ctext,primary-text-polemical,"《论衡·谴告》 / Lunheng, Reprimands and Admonitions",https://ctext.org/lunheng/qian-gao/zh,王充：《论衡·谴告》，中国哲学书电子化计划电子本。,"Wang Chong, Lunheng, 'Reprimands and Admonitions,' Chinese Text Project electronic text."
src-lunheng-ziran-ctext,primary-text,"《论衡·自然》 / Lunheng, ""Spontaneity""",https://ctext.org/lunheng/zi-ran/zh,王充《论衡·自然》，中国哲学书电子化计划电子本。,"Wang Chong, Lunheng, ""Spontaneity,"" Chinese Text Project electronic text."
src-luoqinshun-kunzhiji-xulu,primary-text,罗钦顺《困知记续录》 / Continued Record of Knowledge Painfully Acquired,https://zh.wikisource.org/zh-hans/%E5%9B%B0%E7%9F%A5%E8%A8%98%E7%BA%8C%E9%8C%B2,罗钦顺：《困知记续录》，维基文库电子本。,"Luo Qinshun, Continued Record of Knowledge Painfully Acquired, Wikisource."
src-lusheng-mobian-xu,primary-text,鲁胜《墨辩注叙》 / Preface to the Commentary on the Mohist Canons,https://zh.wikisource.org/zh-hans/%E9%AD%AF%E5%8B%9D%E5%A2%A8%E8%BE%AF%E6%B3%A8%E6%95%98,鲁胜：《墨辩注叙》，维基文库电子本。,"Lu Sheng, Preface to the Commentary on the Mohist Canons, Wikisource."
src-luxun-nalalism,primary-text,鲁迅《拿来主义》 / On Taking In,https://zh.wikisource.org/zh-hans/%E6%8B%BF%E6%9D%A5%E4%B8%BB%E4%B9%89,鲁迅：《拿来主义》，《且介亭杂文》，维基文库电子本。,"Lu Xun, 'On Taking In,' Qiejieting Essays, Wikisource."
src-lvkun-shenyinyu-tiandi,primary-text,"吕坤《呻吟语·天地》 / Shenyin yu, Heaven and Earth",https://zh.wikisource.org/zh-hans/%E5%91%BB%E5%90%9F%E8%AA%9E/%E5%A4%A9%E5%9C%B0,吕坤：《呻吟语·天地》，维基文库电子本。,"Lü Kun, Shenyin yu, 'Heaven and Earth,' Wikisource."
src-lvshi-chunqiu-chajin-ctext,primary-text-court-compilation,"《吕氏春秋·察今》 / Lüshi Chunqiu, ""Observing the Present""",https://ctext.org/lv-shi-chun-qiu/cha-jin/zh,吕不韦主编《吕氏春秋·察今》，中国哲学书电子化计划电子本。,"Lüshi Chunqiu, compiled under Lü Buwei, ""Observing the Present,"" Chinese Text Project electronic text."
src-mayifu-liuyilun-zhexueyanjiu,peer-reviewed-secondary-summary,《马一浮“六艺论”的诠释学意蕴》 / The Hermeneutic Implications of Ma Yifu's Theory of the Six Arts,https://zxyj.cbpt.cnki.net/portal/journal/portal/client/paper/bb968e62d511544be74c5b5927985237,《马一浮“六艺论”的诠释学意蕴》，《哲学研究》2024年论文摘要。,"The Hermeneutic Implications of Ma Yifu's Theory of the Six Arts, Philosophical Research, 2024, abstract."
src-mazu-jingde,later-chan-lamp-record,景德傳燈錄·江西道一禪師,https://cbetaonline.dila.edu.tw/zh/T51n2076_006,道原編：《景德傳燈錄》卷六〈江西道一禪師〉，《大正新脩大藏經》第51冊第2076號，CBETA。,"Daoyuan, comp., Jingde Record of the Transmission of the Lamp, juan 6, “Chan Master Daoyi of Jiangxi,” Taishō 51, no. 2076, CBETA."
src-mengzi-gaozi-i-ctext,primary-text-reported,"《孟子·告子上》 / Mengzi, ""Gaozi I""",https://ctext.org/mengzi/gaozi-i/zh,《孟子·告子上》，中国哲学书电子化计划电子本。,"Mengzi, ""Gaozi I,"" Chinese Text Project electronic text."
src-mengzi-jinxin-i-yangzhu-ctext,primary-text-polemical-report,"《孟子·尽心上》 / Mengzi, ""Jin Xin I""",https://ctext.org/text.pl?if=gb&node=1817,《孟子·尽心上》第二十六章，中国哲学书电子化计划电子本。,"Mengzi, ""Jin Xin I,"" chapter 26, Chinese Text Project electronic text."
src-mengzi-tengwengong-i-ctext,primary-text-reported,"《孟子·滕文公上》 / Mengzi, ""Teng Wen Gong I""",https://ctext.org/mengzi/teng-wen-gong-i/zh,《孟子·滕文公上》，中国哲学书电子化计划电子本。,"Mengzi, ""Teng Wen Gong I,"" Chinese Text Project electronic text."
src-peiwei-chongyoulun,transmitted-primary-text-historical-biography,晉書·裴頠傳所載崇有論,https://ctext.org/wiki.pl?if=zh&res=168481,房玄齡等：《晉書》卷三十五〈裴頠傳〉所載〈崇有論〉，中國哲學書電子化計劃。,"Book of Jin, juan 35, “Biography of Pei Wei,” preserving Pei's Discourse on Valuing Being, Chinese Text Project."
src-qianmu-political-institutions-ntu,peer-reviewed-secondary-summary,Political Institutions and Responsibilities: Qian Mu and the Study of Chinese Political History,https://scholars.lib.ntu.edu.tw/entities/publication/d2318d2a-991e-4c9f-bbd9-52d855ae395b,《政治制度与责任：钱穆与中国政治史研究》，台湾大学学术典藏，论文摘要。,"Political Institutions and Responsibilities: Qian Mu and the Study of Chinese Political History, National Taiwan University Scholars repository, abstract."
src-ruanji-daren,primary-text-digital-edition,大人先生傳,https://zh.wikisource.org/zh/%E5%A4%A7%E4%BA%BA%E5%85%88%E7%94%9F%E5%82%B3,阮籍：《大人先生傳》，維基文庫校錄本。,"Ruan Ji, Biography of Master Great Man, Wikisource digital text."
src-sengzhao-wubuqian-cbeta,primary-text-critical-digital-edition,僧肇《肇论·物不迁论》 / Things Do Not Shift,https://cbetaonline.dila.edu.tw/zh/T45n1858_001,僧肇：《肇论·物不迁论》，《大正藏》第45册第1858号，CBETA。,"Sengzhao, Zhao lun, 'Things Do Not Shift,' Taisho 45 no. 1858, CBETA."
src-sengzhao-zhaolun-cbeta,primary-text-critical-digital-edition,肇論·不真空論,https://cbetaonline.dila.edu.tw/zh/T45n1858_001,僧肇：《肇論》卷一〈不真空論〉，《大正新脩大藏經》第45冊第1858號，CBETA 電子佛典集成。,"Sengzhao, Zhao Lun, juan 1, “Treatise on the Emptiness of the Unreal,” Taishō shinshū daizōkyō 45, no. 1858, CBETA."
src-shangjunshu-xiuquan-ctext,primary-text-fragment-in-anthology,"《群书治要》卷三十六所载《商君子·修权》 / Qunshu Zhiyao 36, Shang Junzi, ""Cultivating Authority""",https://ctext.org/text.pl?if=en&node=278914,《群书治要》卷三十六所载《商君子·修权》，中国哲学书电子化计划电子本。,"Qunshu Zhiyao, vol. 36, excerpt from Shang Junzi, ""Cultivating Authority,"" Chinese Text Project electronic text."
src-shangshu-yushu-ctext,received-text-layered-and-partly-pseudographic,"《尚书·虞书》 / Shangshu, ""Documents of Yu""",https://ctext.org/shang-shu/yu-shu/zh,《尚书·虞书》，中国哲学书电子化计划电子本。,"Shangshu, ""Documents of Yu,"" Chinese Text Project electronic text."
src-shangshu-zhoushu-ctext,received-text-early-zhou-tradition,"《尚书·周书》 / Shangshu, ""Documents of Zhou""",https://ctext.org/shang-shu/zhou-shu/zh,《尚书·周书》，中国哲学书电子化计划电子本。,"Shangshu, ""Documents of Zhou,"" Chinese Text Project electronic text."
src-shenhui-xianzongji,attributed-chan-text-in-lamp-record,顯宗記,https://zh.wikisource.org/zh/%E9%A1%AF%E5%AE%97%E8%A8%98,傳神會撰：〈顯宗記〉，後收《景德傳燈錄》卷三十，維基文庫校錄本。,"Attributed to Shenhui, “Record Manifesting the Lineage,” later included in the Jingde Record of the Transmission of the Lamp, juan 30, Wikisource digital text."
src-shenxiu-datongbei,near-contemporary-biographical-inscription,荊州玉泉寺大通禪師碑銘並序,https://www.shidianguji.com/zh/book/SBCK307/chapter/SBCK307_1199,張說：〈荊州玉泉寺大通禪師碑銘並序〉，《唐文粹》卷六十三，《四部叢刊》本影像。,"Zhang Yue, “Stele Inscription with Preface for Chan Master Datong of Yuquan Monastery,” Tang wen cui, juan 63, Sibu congkan facsimile."
src-shiji-mengzi-xunqing-ctext,early-historical-report,"《史记·孟子荀卿列传》 / Shiji, ""Biographies of Mengzi and Xun Qing""",https://ctext.org/shiji/meng-zi-xun-qing-lie-zhuan/zh,司马迁《史记·孟子荀卿列传》，中国哲学书电子化计划电子本。,"Sima Qian, Shiji, ""Biographies of Mengzi and Xun Qing,"" Chinese Text Project electronic text."
src-shiji-taishigongzixu-ctext,primary-text-embedded-essay,"《史记·太史公自序》 / Shiji, ""The Autobiographical Postface of the Grand Historian""",https://ctext.org/shiji/tai-shi-gong-zi-xu/zh,司马迁《史记·太史公自序》所录司马谈《论六家要旨》，中国哲学书电子化计划电子本。,"Sima Qian, Shiji, ""The Autobiographical Postface of the Grand Historian,"" preserving Sima Tan's ""Essential Points of the Six Schools,"" Chinese Text Project electronic text."
src-sunbin-jianweiwang-ctext,excavated-text-edition,"银雀山汉简《孙膑兵法·见威王》 / Yinqueshan Han-slip Sun Bin's Art of War, ""Audience with King Wei""",https://ctext.org/wiki.pl?chapter=758838&if=en,银雀山汉墓竹简整理本《孙膑兵法·见威王》，中国哲学书电子化计划电子本。,"Yinqueshan Han-slip edition of Sun Bin's Art of War, ""Audience with King Wei,"" Chinese Text Project electronic text."
src-sunzi-junxing-ctext,primary-text,"《孙子兵法·军形》 / Sunzi, ""Military Disposition""",https://ctext.org/art-of-war/tactical-dispositions/zh,《孙子兵法·军形》，中国哲学书电子化计划电子本。,"Sunzi, ""Military Disposition,"" Chinese Text Project electronic text."
src-tangzhen-qianshu-shiyu,primary-text,"唐甄《潜书·室语》 / Qianshu, Domestic Conversation",https://zh.wikisource.org/zh-hans/%E6%BD%9B%E6%9B%B8/%E4%B8%8B%E7%AF%87%E4%B8%8B,唐甄：《潜书·室语》，维基文库电子本。,"Tang Zhen, Qianshu, 'Domestic Conversation,' Wikisource."
src-wang-ruoshui-human-starting-point,primary-essay-university-republication,人是马克思主义的出发点,https://epc.swu.edu.cn/info/1128/3215.htm,王若水：〈人是马克思主义的出发点〉，收入《人是马克思主义的出发点——人性、人道主义问题论集》，人民出版社；西南大学全文转载。,"Wang Ruoshui, “The Human Being Is the Starting Point of Marxism,” in The Human Being Is the Starting Point of Marxism (People's Press), full-text republication by Southwest University."
src-wangbi-daodejing-zhu-ctext,primary-text-digital-facsimile,道德真經註,https://ctext.org/dao-de-zhen-jing-zhu/zh,王弼：《道德真經註》，《四庫全書》本影像，中國哲學書電子化計劃。,"Wang Bi, Commentary on the Daodejing (Dao de zhen jing zhu), Siku quanshu facsimile, Chinese Text Project."
src-wangbi-zhouyi-lueli,primary-commentary-digital-edition,"王弼《周易略例·明象》 / Zhouyi lueli, Clarifying Images",https://zh.wikisource.org/zh/%E5%91%A8%E6%98%93%E7%95%A5%E4%BE%8B,王弼：《周易略例·明象》，维基文库校录本。,"Wang Bi, Zhouyi lueli, 'Clarifying Images,' Wikisource digital text."
src-wangfu-qianfulun,primary-text-digital-facsimile,潛夫論,https://ctext.org/qian-fu-lun/zh,王符：《潛夫論》，《四部叢刊》本影像，中國哲學書電子化計劃。,"Wang Fu, Discourses of a Recluse (Qianfu lun), Sibu congkan facsimile, Chinese Text Project."
src-wangtingxiang-shenyan-mingruxuean,primary-fragment-in-scholarly-anthology,王廷相《慎言》气论（《明儒学案》引） / Wang Tingxiang on primordial qi,https://zh.wikisource.org/zh-hans/%E6%98%8E%E5%84%92%E5%AD%B8%E6%A1%88_(%E5%9B%9B%E5%BA%AB%E5%85%A8%E6%9B%B8%E6%9C%AC)/%E5%85%A8%E8%A6%BD2,黄宗羲《明儒学案》所录王廷相《慎言》气论，维基文库四库本。,"Wang Tingxiang's Shenyan passage preserved in Huang Zongxi's Mingru xue'an, Siku edition on Wikisource."
src-wei-haiguotuzhi-yuanxu-wikisource,primary-text-preface,"魏源《海国图志·原叙》 / Wei Yuan, Original Preface to the Illustrated Treatise on the Maritime Kingdoms",https://zh.wikisource.org/zh-hant/%E6%B5%B7%E5%9C%8B%E5%9C%96%E5%BF%97/%E5%8E%9F%E6%95%98,魏源《海国图志·原叙》，维基文库电子本。,"Wei Yuan, Original Preface to the Illustrated Treatise on the Maritime Kingdoms, Wikisource electronic text."
src-wunengzi-shengguo,primary-text-textual-persona,"《无能子·圣过》 / Wunengzi, The Errors of Sages",https://zh.wikisource.org/zh-hans/%E7%84%A1%E8%83%BD%E5%AD%90/%E8%81%96%E9%81%8E,《无能子·圣过》，维基文库电子本。,"Wunengzi, 'The Errors of Sages,' Wikisource."
src-xiangxiu-nanyangsheng,primary-text-digital-edition,難嵇叔夜養生論,https://m.guwendao.net/shiwenv_793008e3c0b0.aspx,向秀：《難嵇叔夜養生論》，古文島據傳世文集整理本。,"Xiang Xiu, “Objections to Ji Shuye's Discourse on Nourishing Life,” digital transcription from the received literary collection."
src-xu-fuguan-art-spirit-manuscript,author-manuscript-scholarly-transcription,《中國藝術精神》手稿整理系列（六）：中國藝術精神主體之呈現——莊子的再發現,https://dcollection.lib.thu.edu.tw/wp-content/uploads/2024/12/05-%E9%A4%A8%E5%88%8A56%E6%9C%9F73-93%E8%AC%9D%E5%82%99%E6%AE%B7%E8%AC%9D%E9%B6%AF%E8%88%88.pdf,徐复观手稿，谢鹤兴、谢傅殿整理：〈《中国艺术精神》手稿整理系列（六）：中国艺术精神主体之呈现——庄子的再发现〉，《东海大学图书馆馆刊》第56期，第73—93页。,"Xu Fuguan manuscript, transcribed by Xie Hexing and Xie Fudian, “Manuscript Series on The Spirit of Chinese Art (VI): Zhuangzi and the Emergence of the Artistic Subject,” Tunghai University Library Bulletin 56, pp. 73–93."
src-xuanzang-zhenweishiliang,reported-oral-argument-in-disciple-commentary,因明入正理論疏所傳玄奘真唯識量,https://cbetaonline.dila.edu.tw/zh/T44n1840_001,窺基：《因明入正理論疏》卷上所傳玄奘“真唯識量”，《大正新脩大藏經》第44冊第1840號，CBETA。,"Kuiji, Commentary on the Nyāyapraveśa, juan 1, transmitting Xuanzang's “Inference of Consciousness-Only,” Taishō 44, no. 1840, CBETA."
src-yan-yuanqiang-wikisource,primary-text-essay,"严复《原强》 / Yan Fu, On Strength",https://zh.wikisource.org/zh-hans/%E5%8E%9F%E5%BC%B7,严复《原强》，维基文库电子本。,"Yan Fu, On Strength, Wikisource electronic text."
src-yangzi-fayan-xiushen-ctext,primary-text,"《扬子法言·修身卷第三》 / Yangzi Fayan, ""Cultivating the Self""",https://ctext.org/yangzi-fayan/juan-san/zh,扬雄《扬子法言·修身卷第三》，中国哲学书电子化计划电子本。,"Yang Xiong, Yangzi Fayan, ""Cultivating the Self,"" Chinese Text Project electronic text."
src-yanzichunqiu-he-wikisource,received-text-traditional-attribution,《晏子春秋·外篇第七》“和与同异” / Yanzi chunqiu on Harmony and Sameness,https://zh.wikisource.org/zh-hans/%E6%99%8F%E5%AD%90%E6%98%A5%E7%A7%8B/%E5%8D%B7%E4%B8%83,《晏子春秋》卷七，维基文库电子本。,"Yanzi chunqiu, juan 7, Wikisource electronic text."
src-zhang-dainian-jianhe-tsinghua,primary-quotation-in-university-scholarly-essay,张岱年先生的“兼和”思想,https://www.tsinghua.edu.cn/info/1661/56131.htm,李存山：〈张岱年先生的“兼和”思想〉，清华大学，引用《张岱年全集》第6卷第225页及第8卷第602页。,"Li Cunshan, “Zhang Dainian's Thought of Inclusive Harmony,” Tsinghua University, quoting Zhang Dainian's Complete Works, vol. 6, p. 225 and vol. 8, p. 602."
src-zhang-shiying-similarity-communication-pku,primary-journal-article,相同与相通——兼论哲学的任务,https://ccj.pku.edu.cn/Article/info?aid=271014433,张世英：〈相同与相通——兼论哲学的任务〉，《北京大学学报（哲学社会科学版）》1995年第4期，第53—59、128页。,"Zhang Shiying, “Sameness and Interconnection: On the Task of Philosophy,” Journal of Peking University (Philosophy and Social Sciences), 1995 no. 4, pp. 53–59, 128."
src-zhangdongsun-iep-topics,scholarly-encyclopedia-secondary-summary,Chinese Philosophy: Overview of Topics — Zhang Dongsun,https://iep.utm.edu/chinese-philosophy-overview-of-topics/,《互联网哲学百科全书》“中国哲学：主题概览”之“张东荪：多元文化认识论”节。,"Internet Encyclopedia of Philosophy, Chinese Philosophy: Overview of Topics, section Zhang Dongsun: Pluralistic Cultural Epistemology."
src-zhangjunmai-iep,scholarly-encyclopedia-secondary-summary,Zhang Junmai (Carsun Chang),https://iep.utm.edu/zhang-ju/,《互联网哲学百科全书》“张君劢（Carsun Chang）”，第2节“1923年论战与道德形上学”。,"Internet Encyclopedia of Philosophy, Zhang Junmai (Carsun Chang), sec. 2, The Debate of 1923 and Zhang's Moral Metaphysics."
src-zhangtaiyan-bokang-wikisource,primary-text-polemical-essay,"章太炎《驳康有为论革命书》 / Zhang Taiyan, Refutation of Kang Youwei's Letter on Revolution",https://zh.wikisource.org/zh-hans/%E9%A7%81%E5%BA%B7%E6%9C%89%E7%82%BA%E8%AB%96%E9%9D%A9%E5%91%BD%E6%9B%B8,章太炎《驳康有为论革命书》（1903），维基文库电子本。,"Zhang Taiyan, Refutation of Kang Youwei's Letter on Revolution (1903), Wikisource electronic text."
src-zhengxuan-liji-liji,primary-commentary-digital-facsimile,禮記鄭氏注·禮器,https://www.shidianguji.com/book/SBCK006/chapter/1j70xz2ykbm0o_19,鄭玄注：《禮記鄭氏注》卷十〈禮器〉，《四部叢刊》景宋刊本影像。,"Zheng Xuan, Commentary on the Book of Rites, juan 10, “Ritual Vessels,” facsimile of a Song edition in Sibu congkan."
src-zhidun-xiaoyaolun-fragment,lost-work-fragment-in-commentary,世說新語·文學劉孝標注引支遁《逍遙論》,https://xbzs.ecnu.edu.cn/CN/article/downloadArticleFile.do?attachType=PDF&id=9187,支遁〈逍遙論〉佚文，見劉孝標《世說新語·文學》注；校引參劉梁劍〈《逍遙遊》向郭義與支遁義勘會〉，《華東師範大學學報（哲學社會科學版）》2010年第3期。,"Fragment of Zhi Dun's lost Discourse on Free Wandering, quoted in Liu Xiaobiao's commentary to A New Account of the Tales of the World; checked against Liu Liangjian, ECNU Journal, 2010.3."
src-zhiyi-mohezhiguan-cbeta,recorded-lecture-critical-digital-edition,摩訶止觀,https://cbetaonline.dila.edu.tw/zh/T46n1911_005,智顗說、灌頂記：《摩訶止觀》卷五，《大正新脩大藏經》第46冊第1911號，CBETA 電子佛典集成。,"Zhiyi (lectures), recorded by Guanding, Mohe zhiguan, juan 5, Taishō shinshū daizōkyō 46, no. 1911, CBETA."
src-zhongshuo-wangtong-one,later-recorded-sayings,"《中说》卷一 / Zhongshuo, juan 1",https://zh.wikisource.org/zh-hans/%E4%B8%AD%E8%AA%AA/%E5%8D%B7%E4%B8%80,旧题王通：《中说》卷一，维基文库电子本。,"Traditionally attributed to Wang Tong, Zhongshuo, juan 1, Wikisource."
src-zhouyi-qian-ctext,received-oracular-text-traditional-attribution,"《周易·乾》卦辞 / Zhouyi, Qian hexagram statement",https://ctext.org/book-of-changes/qian/zh,《周易·乾》卦辞，中国哲学书电子化计划电子本。,"Zhouyi, Qian hexagram statement, Chinese Text Project electronic text."
src-zhouyi-xicixia-ctext,received-text-later-attribution,"《周易·系辞下》 / Zhouyi, ""Appended Statements II""",https://ctext.org/book-of-changes/xi-ci-xia/zh,《周易·系辞下》，中国哲学书电子化计划电子本。,"Zhouyi, ""Appended Statements II,"" Chinese Text Project electronic text."
src-zhuangzi-tianxia-ctext,primary-text-reported,"《庄子·天下》 / Zhuangzi, ""All under Heaven""",https://ctext.org/zhuangzi/tian-xia/zh,《庄子·天下》，中国哲学书电子化计划电子本。,"Zhuangzi, ""All under Heaven,"" Chinese Text Project electronic text."
src-zongmi-chanyuanxuqian-cbeta,primary-text-critical-digital-edition,禪源諸詮集都序,https://cbetaonline.dila.edu.tw/zh/T48n2015_001,宗密：《禪源諸詮集都序》卷一，《大正新脩大藏經》第48冊第2015號，CBETA 電子佛典集成。,"Guifeng Zongmi, General Preface to the Collected Expressions of the Source of Chan, juan 1, Taishō shinshū daizōkyō 48, no. 2015, CBETA."
src-zongmi-yuanrenlun-cbeta,primary-text-critical-digital-edition,宗密《原人论》 / Inquiry into the Origin of Humanity,https://cbetaonline.dila.edu.tw/zh/T45n1886_001,宗密：《原人论》，《大正藏》第45册第1886号，CBETA。,"Zongmi, Inquiry into the Origin of Humanity, Taisho 45 no. 1886, CBETA."
su-shi-riyu,primary-text,苏轼《日喻》,https://zh.wikisource.org/zh-hant/%E6%97%A5%E5%96%BB,〔宋〕苏轼：〈日喻〉，《东坡全集》卷四十九，四库全书本。,"Su Shi, 'Riyu' (A Parable of the Sun), Dongpo quanji, juan 49, Siku edition."
sunyatsen-sanmin-primary,official-primary-source,孙中山《三民主义》,https://www.sunyat-sen.org/portal/article/index.html?cid=19&id=24187,孙中山故居纪念馆公开的《三民主义》文本。,Text of Sun Yat-sen's Three Principles of the People published by the Sun Yat-sen memorial institution.
tu-ecological-turn-2001,author-peer-reviewed-article,"Tu Weiming, “The Ecological Turn in New Confucian Humanism”",https://www.amacad.org/sites/default/files/academy/multimedia/pdfs/publications/daedalus/fall2001/01_fall_daedalus_Weiming.pdf,杜维明：〈The Ecological Turn in New Confucian Humanism: Implications for China and the World〉，《Daedalus》130卷4期（2001），243—264页。,"Tu Weiming, “The Ecological Turn in New Confucian Humanism: Implications for China and the World,” Daedalus 130.4 (2001): 243–264."
uhp-li-zehou-sedimentation-2018,university-press-book-chapter,Li Zehou’s Aesthetics and the Confucian ‘Body’ of Chinese Cultural Sedimentation,https://www.degruyterbrill.com/document/doi/10.1515/9780824876104-016/html,Tsuyoshi Ishii：〈李泽厚美学与中国文化积淀的儒家“身体”〉，载Roger T. Ames、贾晋华编《李泽厚与儒家哲学》，夏威夷大学出版社，2018，第313—334页。,"Tsuyoshi Ishii, ‘Li Zehou’s Aesthetics and the Confucian “Body” of Chinese Cultural Sedimentation,’ in Li Zehou and Confucian Philosophy, University of Hawai‘i Press, 2018, 313–334."
wang-daiyu-zhengjiao,primary-text,王岱舆《正教真诠》,https://ctext.org/searchbooks.pl?if=gb&searchu=%E6%AD%A3%E6%95%99%E7%9C%9F%E8%A9%AE,〔明清〕王岱舆：《正教真诠》上卷〈真一〉，余振贵、铁大钧校注，银川：宁夏人民出版社，1988年。,"Wang Daiyu, Zhengjiao zhenquan, first juan, 'True One,' ed. Yu Zhengui and Tie Dajun (Yinchuan: Ningxia People's Press, 1988)."
wang-fuzhi-shangshu-yinyi,primary-commentary,王夫之《尚书引义·太甲二》,https://ctext.org/searchbooks.pl?if=gb&searchu=天地之德不易而天地之化日新,〔清〕王夫之：《尚书引义》卷三〈太甲二〉。,"Wang Fuzhi, Shangshu yinyi, juan 3, 'Taijia II.'"
wang-fuzhi-zhouyi-waizhuan-5,primary-text,王夫之《周易外传》卷五,https://ctext.org/wiki.pl?chapter=2084019&if=gb,〔清〕王夫之：《周易外传》卷五，释《系辞上传》第十二章，中国哲学书电子化计划电子本。,"Wang Fuzhi, Zhouyi waizhuan, juan 5, commentary on Xici zhuan I, chapter 12, Chinese Text Project digital text."
wang-gen-xinzhai,disciple-compilation,《王心斋先生全集》,https://sk.taizhou.gov.cn/tzxp/art/2024/art_1243d0a2de14403b83f02a5a98895cbb.html,〔明〕王艮语，门人编：《王心斋先生全集》卷三〈语录〉，陈祝生点校，南京：江苏教育出版社，2001年。,"Sayings of Wang Gen compiled by disciples, Wang Xinzhai xiansheng quanji, juan 3, ed. Chen Zhusheng (Nanjing: Jiangsu Education, 2001)."
wang-gen-yulu-anshen,disciple-compilation,《王心斋先生全集》卷三·语录,https://sk.taizhou.gov.cn/tzxp/art/2024/art_1243d0a2de14403b83f02a5a98895cbb.html,〔明〕王艮语，门人编：《王心斋先生全集》卷三〈语录〉。,"Sayings of Wang Gen compiled by disciples, Wang Xinzhai xiansheng quanji, juan 3."
wang-hui-depoliticized-2006,author-journal-article-open-text,"Wang Hui, “Depoliticized Politics, From East to West”",https://newleftreview.org/issues/ii41/articles/hui-wang-depoliticized-politics-from-east-to-west,"汪晖：〈Depoliticized Politics, From East to West〉，Chris Connery译，《New Left Review》II/41（2006），29—45页。","Wang Hui, “Depoliticized Politics, From East to West,” trans. Chris Connery, New Left Review II/41 (2006): 29–45."
wang-ji-tianquanzhengdao,participant-record,王畿《天泉证道纪》,https://ctext.org/searchbooks.pl?if=gb&searchu=%E5%A4%A9%E6%B3%89%E8%AD%89%E9%81%93%E7%B4%80,〔明〕王畿：〈天泉证道纪〉，《龙溪王先生全集》卷一，明万历刻本。,"Wang Ji, 'Tianquan zhengdao ji,' Longxi Wang xiansheng quanji, juan 1, Ming Wanli edition."
wang-yangming-chuanxilu-liangzhi,disciple-record,王阳明《传习录》中,https://zh.wikisource.org/zh-hant/傳習錄,〔明〕王守仁语，门人记录：《传习录》中。,"Sayings of Wang Yangming recorded by disciples, Chuanxilu, middle part."
wang-yangming-chuanxilu-xuai,primary-text-in-early-compilation,王阳明《传习录》上·徐爱录,https://zh.wikisource.org/zh-hant/%E5%82%B3%E7%BF%92%E9%8C%84,〔明〕王守仁口述，徐爱记录：《传习录》上〈徐爱录〉；吴光等编校《王阳明全集》，上海：上海古籍出版社，2011年。,"Wang Yangming (Wang Shouren), recorded by Xu Ai, Chuanxilu, part 1, 'Xu Ai lu'; in Wu Guang et al., eds., Wang Yangming quanji (Shanghai: Shanghai Classics Publishing House, 2011)."
wang-yinglin-kunxue,primary-text,王应麟《困学纪闻》,https://ctext.org/searchbooks.pl?if=gb&searchu=%E5%9B%B0%E5%AD%B8%E7%B4%80%E8%81%9E,〔宋〕王应麟：《困学纪闻》卷八，翁元圻等注，上海：上海古籍出版社，2008年。,"Wang Yinglin, Kunxue jiwen, juan 8, annotated by Weng Yuanqi et al. (Shanghai: Shanghai Guji, 2008)."
wikisource-cai-education-1900,digital-text-corpus,蔡元培《一九〇〇年以来教育之进步》,https://zh.wikisource.org/zh-hant/%E4%B8%80%E4%B9%9D%E3%80%87%E3%80%87%E5%B9%B4%E4%BB%A5%E4%BE%86%E6%95%99%E8%82%B2%E4%B9%8B%E9%80%B2%E6%AD%A5,维基文库所收蔡元培《一九〇〇年以来教育之进步》公版文本。,Public-domain transcription of Cai Yuanpei's Progress in Education Since 1900 on Wikisource.
wikisource-hushi-problems-isms,digital-text-corpus,胡适《问题与主义》,https://zh.wikisource.org/zh-hans/%E5%95%8F%E9%A1%8C%E8%88%87%E4%B8%BB%E7%BE%A9,维基文库所收胡适《问题与主义》公版文本。,Public-domain transcription of Hu Shi's Problems and Isms on Wikisource.
wikisource-renxue,digital-text-corpus,谭嗣同《仁学》,https://zh.wikisource.org/zh-hans/%E4%BB%81%E5%AD%B8,维基文库所收谭嗣同《仁学》公版文本；正式校勘仍须对照全集版本。,Public-domain transcription of Tan Sitong's Renxue on Wikisource; a critical collected edition remains required for final textual collation.
wikisource-xinminshuo,digital-text-corpus,梁启超《新民说》,https://zh.wikisource.org/wiki/%E6%96%B0%E6%B0%91%E8%AA%AA,维基文库所收梁启超《新民说》公版文本。,Public-domain transcription of Liang Qichao's Xinmin Shuo on Wikisource.
wiley-zhang-dainian-creative-synthesis-2002,academic-book-chapter,Zhang Dainian: Creative Synthesis and Chinese Philosophy,https://onlinelibrary.wiley.com/doi/10.1002/9780470753491.ch12,〈张岱年：创造综合与中国哲学〉，载成中英、Nicholas Bunnin编《当代中国哲学》，Blackwell/Wiley，2002。,"‘Zhang Dainian: Creative Synthesis and Chinese Philosophy,’ in Contemporary Chinese Philosophy, ed. Chung-ying Cheng and Nicholas Bunnin, Blackwell/Wiley, 2002."
wu-cheng-benxinlouji,primary-text,吴澄《本心楼记》,https://www.shidianguji.com/zh/mingju/7544165338587840555,〔元〕吴澄：〈仙城本心楼记〉，《吴文正集》卷二十六，四库全书本。,"Wu Cheng, 'Xiancheng Benxinlou ji,' Wu Wenzheng ji, juan 26, Siku edition."
wu-yubi-rilu,primary-diary,吴与弼《康斋日录》,https://ctext.org/searchbooks.pl?if=gb&searchu=%E5%BA%B7%E9%BD%8B%E6%97%A5%E9%8C%84,〔明〕吴与弼：《康斋日录》，《康斋集》卷十，四库全书本。,"Wu Yubi, Kangzhai rilu, Kangzhai ji, juan 10, Siku edition."
xu-heng-luzhai-yishu,disciple-record,《鲁斋遗书》,https://ctext.org/searchbooks.pl?if=gb&searchu=%E9%AD%AF%E9%BD%8B%E9%81%BA%E6%9B%B8,〔元〕许衡语，门人编：《鲁斋遗书》卷一，四库全书本。,"Sayings of Xu Heng compiled by disciples, Luzhai yishu, juan 1, Siku edition."
yan-yuan-cunxue-bian,primary-text,颜元《存学编》,https://www.shidianguji.com/zh/book/CADAL02091872/chapter/1lcsiuknegg8b,〔清〕颜元：《存学编》〈性理评〉。,"Yan Yuan, Cunxue bian, 'Critique of Xingli Learning.'"
yan-yuan-xizhai,primary-text,颜元《习斋记余》,https://ctext.org/searchbooks.pl?if=gb&searchu=%E7%BF%92%E9%BD%8B%E8%A8%98%E9%A4%98,〔清〕颜元：《习斋记余》卷三〈答齐笃公秀才书〉，王星贤等点校《颜元集》，北京：中华书局，1987年。,"Yan Yuan, Xizhai jiyu, juan 3, letter to Qi Dugong; Yan Yuan ji (Beijing: Zhonghua, 1987)."
yang-guorong-philosophical-horizons-2019,author-academic-book-open-pdf,"Yang Guorong, Philosophical Horizons: Metaphysical Investigation in Chinese Philosophy",https://brill.com/display/book/9789004396302/9789004396302_webready_content_text.pdf,杨国荣：《Philosophical Horizons: Metaphysical Investigation in Chinese Philosophy》，Paul J. D’Ambrosio编译，Leiden：Brill，2019年，尤其第1章及第7章。,"Yang Guorong, Philosophical Horizons: Metaphysical Investigation in Chinese Philosophy, ed. and trans. Paul J. D’Ambrosio (Leiden: Brill, 2019), esp. chaps. 1 and 7."
ye-shi-zhongyong,primary-text,叶适《进卷·中庸》,https://www.chinakongzi.org/baike/MINGCI/zhexue/201711/t20171114_147014.htm,〔宋〕叶适：〈进卷·中庸〉，《水心先生别集》卷七；刘公纯等点校《叶适集》，北京：中华书局，1961年。,"Ye Shi, 'Jinjuan: Zhongyong,' Shuixin xiansheng bieji, juan 7; Ye Shi ji (Beijing: Zhonghua, 1961)."
zhan-ruoshui-ganquan,primary-text,湛若水《甘泉先生文集》,https://ctext.org/searchbooks.pl?if=gb&searchu=%E7%94%98%E6%B3%89%E5%85%88%E7%94%9F%E6%96%87%E9%9B%86,〔明〕湛若水：《甘泉先生文集》卷七〈答阳明王都宪论格物〉，四库全书存目丛书本。,"Zhan Ruoshui, reply to Wang Yangming on investigating things, Ganquan xiansheng wenji, juan 7."
zhang-shi-yili,early-biographical-attestation,朱熹《右文殿修撰张公神道碑》所录张栻常言,https://www.rujiazg.com/article/11466,〔宋〕朱熹：〈右文殿修撰张公神道碑〉，《晦庵先生朱文公文集》卷八十九，所录张栻常言。,"Zhu Xi, funerary inscription for Zhang Shi, Hui'an xiansheng Zhu Wengong wenji, juan 89, quoting Zhang Shi's habitual teaching."
zhang-xuecheng-yijiao,primary-text,章学诚《文史通义·易教上》,https://zh.wikisource.org/zh-hant/%E6%96%87%E5%8F%B2%E9%80%9A%E7%BE%A9/%E6%98%93%E6%95%99%E4%B8%8A,〔清〕章学诚：《文史通义》内篇一〈易教上〉，叶瑛校注，北京：中华书局，1985年。,"Zhang Xuecheng, Wenshi tongyi, inner chapter 1, 'Yijiao I,' annotated by Ye Ying (Beijing: Zhonghua, 1985)."
zhang-xuecheng-yuan-dao,primary-text,章学诚《文史通义·原道中》,https://zh.wikisource.org/wiki/文史通義/原道中,〔清〕章学诚：《文史通义》内篇二〈原道中〉。,"Zhang Xuecheng, Wenshi tongyi, 'The Origin of the Way II.'"
zhang-zai-ximing,primary-text,张载《西铭》,https://zh.wikisource.org/wiki/西銘,〔宋〕张载：《西铭》，收入《正蒙》。,"Zhang Zai, Ximing (Western Inscription)."
zhang-zai-zhengmeng-taihe,primary-text,张载《正蒙·太和篇》,https://zh.wikisource.org/zh-hant/%E6%AD%A3%E8%92%99/01,〔宋〕张载：《正蒙》卷一〈太和篇第一〉，维基文库电子校录本。,"Zhang Zai, Zhengmeng, juan 1, 'Taihe,' chapter 1, Wikisource digital transcription."
zhao-tingyang-tianxia-2009,author-peer-reviewed-article,"Zhao Tingyang, “A Political World Philosophy in terms of All-under-heaven”",https://journals.sagepub.com/doi/abs/10.1177/0392192109102149,赵汀阳：〈A Political World Philosophy in terms of All-under-heaven (Tian-xia)〉，《Diogenes》56卷1期（2009），5—18页，DOI: 10.1177/0392192109102149。,"Zhao Tingyang, “A Political World Philosophy in terms of All-under-heaven (Tian-xia),” Diogenes 56.1 (2009): 5–18, https://doi.org/10.1177/0392192109102149."
zhou-dunyi-taijitu-shuo,primary-text,周敦颐《太极图说》,https://ctext.org/wiki.pl?if=gb&res=602558,〔宋〕周敦颐：《太极图说》，《重刊道藏辑要》本《周濂溪先生太极图》，中国哲学书电子化计划电子本。,"Zhou Dunyi, Taijitu shuo (Explanation of the Diagram of the Supreme Ultimate), Chongkan Daozang jiyao edition of Zhou Lianxi xiansheng Taijitu, Chinese Text Project digital text."
zhou-dunyi-tongshu-cheng,primary-text,周敦颐《通书·诚上》,https://zh.wikisource.org/wiki/經史百家雜鈔/卷2,〔宋〕周敦颐：《通书》〈诚上第一〉。,"Zhou Dunyi, Tongshu, 'Sincerity I.'"
zhu-xi-daxue-gewu,primary-commentary,朱熹《四书章句集注·大学章句》补传,https://zh.wikisource.org/wiki/四書章句集註/大學章句,〔宋〕朱熹：《四书章句集注·大学章句》格物致知补传。,"Zhu Xi, Daxue zhangju, supplement on investigating things and extending knowledge."
zhu-xi-renshuo,primary-text,朱熹〈仁说〉,https://ccjournal.ccu.edu.tw/var/file/58/1058/img/173/28_02.pdf,〔宋〕朱熹：〈仁说〉，《晦庵先生朱文公文集》卷六十七；《朱熹集》，成都：四川教育出版社，1996年。,"Zhu Xi, 'Renshuo' (Treatise on Ren), Hui'an xiansheng Zhu Wengong wenji, juan 67; Zhu Xi ji (Chengdu: Sichuan Education Press, 1996)."
